{
  "key": {
    "stat_counts_path": "/tmp/jobs/d9e68e0c857e4377/out/stat_counts.json",
    "stat_counts_mtime": 1757082776.4241028,
    "cfg_hash": "1774ef5d6a2c3f4439eed9506a6b361bb9968463"
  },
  "scorecard_path": "/tmp/jobs/d9e68e0c857e4377/out/scores/scorecard.json",
  "payload": {
    "generated_at": "2025-09-05T14:32:56.462503Z",
    "inputs": {
      "stat_counts": "/tmp/jobs/d9e68e0c857e4377/out/stat_counts.json",
      "config": "app/score/config.yml"
    },
    "weights": {
      "validate": "auto",
      "groups": {
        "nonko_pref": 0.5,
        "pko_pref": 0.25,
        "postflop_all": 0.25
      },
      "subgroups": {
        "RFI": 0.10526315789473684,
        "BvB": 0.07894736842105263,
        "3BET_RANGE": 0.05263157894736842,
        "CC_RANGE": 0.02631578947368421,
        "VPIP": 0.02631578947368421,
        "FOLD_RANGE": 0.02631578947368421,
        "VS_3BET": 0.05263157894736842,
        "SQUEEZE": 0.02631578947368421,
        "BB_DEFENSE": 0.05263157894736842,
        "SB_DEFENSE": 0.02631578947368421,
        "POSTFLOP_CBET": 0.10526315789473684,
        "POSTFLOP_VS_CBET": 0.10526315789473684,
        "POSTFLOP_PROBE_DELAYED": 0.05263157894736842,
        "POSTFLOP_DONK": 0.02631578947368421,
        "POSTFLOP_XR": 0.02631578947368421,
        "POSTFLOP_MISSED_CBET": 0.02631578947368421,
        "POSTFLOP_SHOWDOWN": 0.10526315789473684,
        "POSTFLOP_AGGRESSION": 0.07894736842105263
      },
      "stats": {
        "RFI_EARLY": 0.013888888888888886,
        "RFI_MIDDLE": 0.013888888888888886,
        "RFI_CO_STEAL": 0.013888888888888886,
        "RFI_BTN_STEAL": 0.013888888888888886,
        "SB_UO_VPIP": 0.013888888888888886,
        "BB_FOLD_TO_SB_STEAL": 0.013888888888888886,
        "BB_RAISE_VS_SB_LIMP_UOP": 0.013888888888888886,
        "SB_STEAL": 0.013888888888888886,
        "EP_3BET": 0.013888888888888886,
        "MP_3BET": 0.013888888888888886,
        "CO_3BET": 0.013888888888888886,
        "BTN_3BET": 0.013888888888888886,
        "EP_COLD_CALL": 0.013888888888888886,
        "MP_COLD_CALL": 0.013888888888888886,
        "CO_COLD_CALL": 0.013888888888888886,
        "BTN_COLD_CALL": 0.013888888888888886,
        "EP_VPIP": 0.013888888888888886,
        "MP_VPIP": 0.013888888888888886,
        "CO_VPIP": 0.013888888888888886,
        "BTN_VPIP": 0.013888888888888886,
        "BTN_FOLD_TO_CO_STEAL": 0.055555555555555546,
        "FOLD_TO_3BET_IP": 0.01833333333333333,
        "FOLD_TO_3BET_OOP": 0.01833333333333333,
        "FOLD_TO_3BET": 0.018888888888888886,
        "SQUEEZE": 0.027777777777777773,
        "SQUEEZE_VS_BTN_RAISER": 0.027777777777777773,
        "BB_FOLD_VS_CO_STEAL": 0.013888888888888886,
        "BB_FOLD_VS_BTN_STEAL": 0.013888888888888886,
        "BB_FOLD_VS_SB_STEAL": 0.013888888888888886,
        "BB_RESTEAL_VS_BTN_STEAL": 0.013888888888888886,
        "SB_FOLD_TO_CO_STEAL": 0.01833333333333333,
        "SB_FOLD_TO_BTN_STEAL": 0.01833333333333333,
        "SB_RESTEAL_VS_BTN": 0.018888888888888886,
        "POST_CBET_FLOP_IP": 0.016666666666666663,
        "POST_CBET_FLOP_3BETPOT_IP": 0.01111111111111111,
        "POST_CBET_FLOP_OOP": 0.013888888888888886,
        "POST_CBET_TURN_IP": 0.008333333333333331,
        "POST_CBET_TURN_OOP": 0.005555555555555555,
        "POST_VS_CBET_FLOP_FOLD_IP": 0.01111111111111111,
        "POST_VS_CBET_FLOP_FOLD_OOP": 0.008333333333333331,
        "POST_VS_CBET_FLOP_CALL_IP": 0.008333333333333331,
        "POST_VS_CBET_FLOP_CALL_OOP": 0.008333333333333331,
        "POST_VS_CBET_FLOP_RAISE_IP": 0.01111111111111111,
        "POST_VS_CBET_FLOP_RAISE_OOP": 0.008333333333333331,
        "POST_PROBE_TURN_ATT_IP": 0.016666666666666663,
        "POST_PROBE_TURN_ATT_OOP": 0.01111111111111111,
        "POST_DELAYED_CBET_TURN_ATT_IP": 0.013888888888888886,
        "POST_DELAYED_CBET_TURN_ATT_OOP": 0.013888888888888886,
        "POST_DONK_FLOP": 0.027777777777777773,
        "POST_DONK_TURN": 0.016666666666666663,
        "POST_DONK_TURN_SRP_VS_PFR": 0.01111111111111111,
        "POST_XR_FLOP": 0.055555555555555546,
        "POST_BET_VS_MISSED_CBET_SRP_FLOP": 0.027777777777777773,
        "POST_BET_VS_MISS_TURN": 0.027777777777777773,
        "POST_WTSD": 0.013888888888888886,
        "POST_W$SD": 0.016666666666666663,
        "POST_WWSF": 0.013888888888888886,
        "POST_W$SD_B_RIVER": 0.01111111111111111,
        "POST_AGG_PCT_FLOP": 0.016666666666666663,
        "POST_AGG_PCT_TURN": 0.016666666666666663,
        "POST_AGG_PCT_RIVER": 0.016666666666666663,
        "POST_RIVER_AGG_PCT": 0.005555555555555555
      }
    },
    "time_decay": {
      "weights_3": [
        0.5,
        0.3,
        0.2
      ],
      "weights_2": [
        0.5,
        0.5
      ],
      "weights_1": [
        1.0
      ]
    },
    "nonko_combine_by": "opportunities",
    "min_sample": {
      "total": 50,
      "per_month": 10
    },
    "stat_level": {},
    "subgroup_level": {
      "RFI": {}
    },
    "group_level": {},
    "overall": null
  }
}